"success","trial_type","trial_index","time_elapsed","internal_node_id","subject","condition","view_history","rt","initial_locations","moves","final_locations_3","number_of_moves","responses"
"true","fullscreen","0","4532","0.0-0.0","7EC6EC9604A74DB4B503ED8DB5DFB91F","conditionC","","","","","","",""
"","instructions","1","16820","0.0-1.0","7EC6EC9604A74DB4B503ED8DB5DFB91F","conditionC","[{""page_index"":0,""viewing_time"":1091.4000000059605},{""page_index"":1,""viewing_time"":4328.0999999940395},{""page_index"":2,""viewing_time"":1288},{""page_index"":3,""viewing_time"":4469.29999999702},{""page_index"":4,""viewing_time"":1110.1000000089407}]","12287.29999999702","","","","",""
"","order","2","31391","0.0-2.0","7EC6EC9604A74DB4B503ED8DB5DFB91F","conditionC","","14570","[""instructions/movie_4"",""instructions/movie_3"",""instructions/movie_2"",""instructions/movie_1"",""blank"",""blank"",""blank"",""blank"",""blank"",""blank""]","[{""src"":""https://test12345.live/images/instructions/movie_2.png"",""x"":384,""y"":577,""move_time"":10096},{""src"":""https://test12345.live/images/instructions/movie_1.png"",""x"":611,""y"":577,""move_time"":1818},{""src"":""https://test12345.live/images/instructions/movie_3.png"",""x"":837,""y"":577,""move_time"":882},{""src"":""https://test12345.live/images/instructions/movie_4.png"",""x"":1064,""y"":577,""move_time"":983}]","[{""src"":""https://test12345.live/images/instructions/movie_2.png"",""x"":384,""y"":577},{""src"":""https://test12345.live/images/blank6.jpg"",""x"":384,""y"":804},{""src"":""https://test12345.live/images/instructions/movie_1.png"",""x"":611,""y"":577},{""src"":""https://test12345.live/images/blank7.jpg"",""x"":611,""y"":804},{""src"":""https://test12345.live/images/instructions/movie_3.png"",""x"":837,""y"":577},{""src"":""https://test12345.live/images/blank8.jpg"",""x"":837,""y"":804},{""src"":""https://test12345.live/images/instructions/movie_4.png"",""x"":1064,""y"":577},{""src"":""https://test12345.live/images/blank9.jpg"",""x"":1064,""y"":804},{""src"":""https://test12345.live/images/blank5.jpg"",""x"":1291,""y"":577},{""src"":""https://test12345.live/images/blank10.jpg"",""x"":1291,""y"":804}]","4",""
"","instructions","3","34045","0.0-3.0","7EC6EC9604A74DB4B503ED8DB5DFB91F","conditionC","[{""page_index"":0,""viewing_time"":2653}]","2653.2999999970198","","","","",""
"","order","4","87608","0.0-4.0","7EC6EC9604A74DB4B503ED8DB5DFB91F","conditionC","","53562","[""semantic_sequence/physical_activity_semantic/physical_activity_semantic_7"",""semantic_sequence/physical_activity_semantic/physical_activity_semantic_5"",""semantic_sequence/physical_activity_semantic/physical_activity_semantic_1"",""semantic_sequence/physical_activity_semantic/physical_activity_semantic_4"",""semantic_sequence/physical_activity_semantic/physical_activity_semantic_6"",""semantic_sequence/physical_activity_semantic/physical_activity_semantic_ten"",""semantic_sequence/physical_activity_semantic/physical_activity_semantic_3"",""semantic_sequence/physical_activity_semantic/physical_activity_semantic_9"",""semantic_sequence/physical_activity_semantic/physical_activity_semantic_8"",""semantic_sequence/physical_activity_semantic/physical_activity_semantic_2""]","[{""src"":""https://test12345.live/images/semantic_sequence/physical_activity_semantic/physical_activity_semantic_1.png"",""x"":384,""y"":577,""move_time"":24238},{""src"":""https://test12345.live/images/semantic_sequence/physical_activity_semantic/physical_activity_semantic_2.png"",""x"":611,""y"":577,""move_time"":4633},{""src"":""https://test12345.live/images/semantic_sequence/physical_activity_semantic/physical_activity_semantic_3.png"",""x"":837,""y"":577,""move_time"":747},{""src"":""https://test12345.live/images/semantic_sequence/physical_activity_semantic/physical_activity_semantic_4.png"",""x"":1064,""y"":577,""move_time"":2687},{""src"":""https://test12345.live/images/semantic_sequence/physical_activity_semantic/physical_activity_semantic_5.png"",""x"":1291,""y"":577,""move_time"":3105},{""src"":""https://test12345.live/images/semantic_sequence/physical_activity_semantic/physical_activity_semantic_6.png"",""x"":384,""y"":804,""move_time"":3402},{""src"":""https://test12345.live/images/semantic_sequence/physical_activity_semantic/physical_activity_semantic_7.png"",""x"":611,""y"":804,""move_time"":1172},{""src"":""https://test12345.live/images/semantic_sequence/physical_activity_semantic/physical_activity_semantic_8.png"",""x"":837,""y"":804,""move_time"":7835},{""src"":""https://test12345.live/images/semantic_sequence/physical_activity_semantic/physical_activity_semantic_9.png"",""x"":1064,""y"":804,""move_time"":1675},{""src"":""https://test12345.live/images/semantic_sequence/physical_activity_semantic/physical_activity_semantic_ten.png"",""x"":1291,""y"":804,""move_time"":1254}]","[{""src"":""https://test12345.live/images/semantic_sequence/physical_activity_semantic/physical_activity_semantic_1.png"",""x"":384,""y"":577},{""src"":""https://test12345.live/images/semantic_sequence/physical_activity_semantic/physical_activity_semantic_6.png"",""x"":384,""y"":804},{""src"":""https://test12345.live/images/semantic_sequence/physical_activity_semantic/physical_activity_semantic_2.png"",""x"":611,""y"":577},{""src"":""https://test12345.live/images/semantic_sequence/physical_activity_semantic/physical_activity_semantic_7.png"",""x"":611,""y"":804},{""src"":""https://test12345.live/images/semantic_sequence/physical_activity_semantic/physical_activity_semantic_3.png"",""x"":837,""y"":577},{""src"":""https://test12345.live/images/semantic_sequence/physical_activity_semantic/physical_activity_semantic_8.png"",""x"":837,""y"":804},{""src"":""https://test12345.live/images/semantic_sequence/physical_activity_semantic/physical_activity_semantic_4.png"",""x"":1064,""y"":577},{""src"":""https://test12345.live/images/semantic_sequence/physical_activity_semantic/physical_activity_semantic_9.png"",""x"":1064,""y"":804},{""src"":""https://test12345.live/images/semantic_sequence/physical_activity_semantic/physical_activity_semantic_5.png"",""x"":1291,""y"":577},{""src"":""https://test12345.live/images/semantic_sequence/physical_activity_semantic/physical_activity_semantic_ten.png"",""x"":1291,""y"":804}]","10",""
"","order","5","163466","0.0-5.0","7EC6EC9604A74DB4B503ED8DB5DFB91F","conditionC","","75858","[""causal_sequence/dog_causal/dog_causal_ten"",""causal_sequence/dog_causal/dog_causal_5"",""causal_sequence/dog_causal/dog_causal_2"",""causal_sequence/dog_causal/dog_causal_4"",""causal_sequence/dog_causal/dog_causal_7"",""causal_sequence/dog_causal/dog_causal_6"",""causal_sequence/dog_causal/dog_causal_1"",""causal_sequence/dog_causal/dog_causal_8"",""causal_sequence/dog_causal/dog_causal_9"",""causal_sequence/dog_causal/dog_causal_3""]","[{""src"":""https://test12345.live/images/causal_sequence/dog_causal/dog_causal_1.png"",""x"":384,""y"":577,""move_time"":31442},{""src"":""https://test12345.live/images/causal_sequence/dog_causal/dog_causal_3.png"",""x"":611,""y"":577,""move_time"":1940},{""src"":""https://test12345.live/images/causal_sequence/dog_causal/dog_causal_4.png"",""x"":837,""y"":577,""move_time"":6588},{""src"":""https://test12345.live/images/causal_sequence/dog_causal/dog_causal_4.png"",""x"":1064,""y"":78,""move_time"":5962},{""src"":""https://test12345.live/images/causal_sequence/dog_causal/dog_causal_3.png"",""x"":837,""y"":577,""move_time"":1752},{""src"":""https://test12345.live/images/causal_sequence/dog_causal/dog_causal_2.png"",""x"":611,""y"":577,""move_time"":1679},{""src"":""https://test12345.live/images/causal_sequence/dog_causal/dog_causal_4.png"",""x"":1064,""y"":577,""move_time"":2408},{""src"":""https://test12345.live/images/causal_sequence/dog_causal/dog_causal_5.png"",""x"":1291,""y"":577,""move_time"":6126},{""src"":""https://test12345.live/images/causal_sequence/dog_causal/dog_causal_6.png"",""x"":384,""y"":804,""move_time"":8907},{""src"":""https://test12345.live/images/causal_sequence/dog_causal/dog_causal_7.png"",""x"":611,""y"":804,""move_time"":2120},{""src"":""https://test12345.live/images/causal_sequence/dog_causal/dog_causal_8.png"",""x"":837,""y"":804,""move_time"":2521},{""src"":""https://test12345.live/images/causal_sequence/dog_causal/dog_causal_9.png"",""x"":1064,""y"":804,""move_time"":2660},{""src"":""https://test12345.live/images/causal_sequence/dog_causal/dog_causal_ten.png"",""x"":1291,""y"":804,""move_time"":1009}]","[{""src"":""https://test12345.live/images/causal_sequence/dog_causal/dog_causal_1.png"",""x"":384,""y"":577},{""src"":""https://test12345.live/images/causal_sequence/dog_causal/dog_causal_6.png"",""x"":384,""y"":804},{""src"":""https://test12345.live/images/causal_sequence/dog_causal/dog_causal_2.png"",""x"":611,""y"":577},{""src"":""https://test12345.live/images/causal_sequence/dog_causal/dog_causal_7.png"",""x"":611,""y"":804},{""src"":""https://test12345.live/images/causal_sequence/dog_causal/dog_causal_3.png"",""x"":837,""y"":577},{""src"":""https://test12345.live/images/causal_sequence/dog_causal/dog_causal_8.png"",""x"":837,""y"":804},{""src"":""https://test12345.live/images/causal_sequence/dog_causal/dog_causal_4.png"",""x"":1064,""y"":577},{""src"":""https://test12345.live/images/causal_sequence/dog_causal/dog_causal_9.png"",""x"":1064,""y"":804},{""src"":""https://test12345.live/images/causal_sequence/dog_causal/dog_causal_5.png"",""x"":1291,""y"":577},{""src"":""https://test12345.live/images/causal_sequence/dog_causal/dog_causal_ten.png"",""x"":1291,""y"":804}]","13",""
"","order","6","219180","0.0-6.0","7EC6EC9604A74DB4B503ED8DB5DFB91F","conditionC","","55713","[""schematic_sequence/interview_scheme/interview_scheme_7"",""schematic_sequence/interview_scheme/interview_scheme_1"",""schematic_sequence/interview_scheme/interview_scheme_8"",""schematic_sequence/interview_scheme/interview_scheme_6"",""schematic_sequence/interview_scheme/interview_scheme_3"",""schematic_sequence/interview_scheme/interview_scheme_2"",""schematic_sequence/interview_scheme/interview_scheme_4"",""schematic_sequence/interview_scheme/interview_scheme_ten"",""schematic_sequence/interview_scheme/interview_scheme_5"",""schematic_sequence/interview_scheme/interview_scheme_9""]","[{""src"":""https://test12345.live/images/schematic_sequence/interview_scheme/interview_scheme_1.png"",""x"":384,""y"":577,""move_time"":17153},{""src"":""https://test12345.live/images/schematic_sequence/interview_scheme/interview_scheme_2.png"",""x"":611,""y"":577,""move_time"":6505},{""src"":""https://test12345.live/images/schematic_sequence/interview_scheme/interview_scheme_3.png"",""x"":837,""y"":577,""move_time"":1233},{""src"":""https://test12345.live/images/schematic_sequence/interview_scheme/interview_scheme_4.png"",""x"":1064,""y"":577,""move_time"":8796},{""src"":""https://test12345.live/images/schematic_sequence/interview_scheme/interview_scheme_5.png"",""x"":1291,""y"":577,""move_time"":11432},{""src"":""https://test12345.live/images/schematic_sequence/interview_scheme/interview_scheme_6.png"",""x"":384,""y"":804,""move_time"":2874},{""src"":""https://test12345.live/images/schematic_sequence/interview_scheme/interview_scheme_7.png"",""x"":611,""y"":804,""move_time"":3047},{""src"":""https://test12345.live/images/schematic_sequence/interview_scheme/interview_scheme_8.png"",""x"":837,""y"":804,""move_time"":1529},{""src"":""https://test12345.live/images/schematic_sequence/interview_scheme/interview_scheme_9.png"",""x"":1064,""y"":804,""move_time"":1376},{""src"":""https://test12345.live/images/schematic_sequence/interview_scheme/interview_scheme_ten.png"",""x"":1291,""y"":804,""move_time"":1006}]","[{""src"":""https://test12345.live/images/schematic_sequence/interview_scheme/interview_scheme_1.png"",""x"":384,""y"":577},{""src"":""https://test12345.live/images/schematic_sequence/interview_scheme/interview_scheme_6.png"",""x"":384,""y"":804},{""src"":""https://test12345.live/images/schematic_sequence/interview_scheme/interview_scheme_2.png"",""x"":611,""y"":577},{""src"":""https://test12345.live/images/schematic_sequence/interview_scheme/interview_scheme_7.png"",""x"":611,""y"":804},{""src"":""https://test12345.live/images/schematic_sequence/interview_scheme/interview_scheme_3.png"",""x"":837,""y"":577},{""src"":""https://test12345.live/images/schematic_sequence/interview_scheme/interview_scheme_8.png"",""x"":837,""y"":804},{""src"":""https://test12345.live/images/schematic_sequence/interview_scheme/interview_scheme_4.png"",""x"":1064,""y"":577},{""src"":""https://test12345.live/images/schematic_sequence/interview_scheme/interview_scheme_9.png"",""x"":1064,""y"":804},{""src"":""https://test12345.live/images/schematic_sequence/interview_scheme/interview_scheme_5.png"",""x"":1291,""y"":577},{""src"":""https://test12345.live/images/schematic_sequence/interview_scheme/interview_scheme_ten.png"",""x"":1291,""y"":804}]","10",""
"","order","7","247252","0.0-7.0","7EC6EC9604A74DB4B503ED8DB5DFB91F","conditionC","","28071","[""semantic_sequence/creative_activities_semantic/creative_activities_semantic_7"",""semantic_sequence/creative_activities_semantic/creative_activities_semantic_1"",""semantic_sequence/creative_activities_semantic/creative_activities_semantic_3"",""semantic_sequence/creative_activities_semantic/creative_activities_semantic_5"",""semantic_sequence/creative_activities_semantic/creative_activities_semantic_ten"",""semantic_sequence/creative_activities_semantic/creative_activities_semantic_9"",""semantic_sequence/creative_activities_semantic/creative_activities_semantic_8"",""semantic_sequence/creative_activities_semantic/creative_activities_semantic_6"",""semantic_sequence/creative_activities_semantic/creative_activities_semantic_4"",""semantic_sequence/creative_activities_semantic/creative_activities_semantic_2""]","[{""src"":""https://test12345.live/images/semantic_sequence/creative_activities_semantic/creative_activities_semantic_1.png"",""x"":384,""y"":577,""move_time"":9010},{""src"":""https://test12345.live/images/semantic_sequence/creative_activities_semantic/creative_activities_semantic_2.png"",""x"":611,""y"":577,""move_time"":2390},{""src"":""https://test12345.live/images/semantic_sequence/creative_activities_semantic/creative_activities_semantic_3.png"",""x"":837,""y"":577,""move_time"":3194},{""src"":""https://test12345.live/images/semantic_sequence/creative_activities_semantic/creative_activities_semantic_4.png"",""x"":1064,""y"":577,""move_time"":3045},{""src"":""https://test12345.live/images/semantic_sequence/creative_activities_semantic/creative_activities_semantic_5.png"",""x"":1291,""y"":577,""move_time"":886},{""src"":""https://test12345.live/images/semantic_sequence/creative_activities_semantic/creative_activities_semantic_6.png"",""x"":384,""y"":804,""move_time"":1597},{""src"":""https://test12345.live/images/semantic_sequence/creative_activities_semantic/creative_activities_semantic_7.png"",""x"":611,""y"":804,""move_time"":1670},{""src"":""https://test12345.live/images/semantic_sequence/creative_activities_semantic/creative_activities_semantic_8.png"",""x"":837,""y"":804,""move_time"":1211},{""src"":""https://test12345.live/images/semantic_sequence/creative_activities_semantic/creative_activities_semantic_9.png"",""x"":1064,""y"":804,""move_time"":2202},{""src"":""https://test12345.live/images/semantic_sequence/creative_activities_semantic/creative_activities_semantic_ten.png"",""x"":1291,""y"":804,""move_time"":1298}]","[{""src"":""https://test12345.live/images/semantic_sequence/creative_activities_semantic/creative_activities_semantic_1.png"",""x"":384,""y"":577},{""src"":""https://test12345.live/images/semantic_sequence/creative_activities_semantic/creative_activities_semantic_6.png"",""x"":384,""y"":804},{""src"":""https://test12345.live/images/semantic_sequence/creative_activities_semantic/creative_activities_semantic_2.png"",""x"":611,""y"":577},{""src"":""https://test12345.live/images/semantic_sequence/creative_activities_semantic/creative_activities_semantic_7.png"",""x"":611,""y"":804},{""src"":""https://test12345.live/images/semantic_sequence/creative_activities_semantic/creative_activities_semantic_3.png"",""x"":837,""y"":577},{""src"":""https://test12345.live/images/semantic_sequence/creative_activities_semantic/creative_activities_semantic_8.png"",""x"":837,""y"":804},{""src"":""https://test12345.live/images/semantic_sequence/creative_activities_semantic/creative_activities_semantic_4.png"",""x"":1064,""y"":577},{""src"":""https://test12345.live/images/semantic_sequence/creative_activities_semantic/creative_activities_semantic_9.png"",""x"":1064,""y"":804},{""src"":""https://test12345.live/images/semantic_sequence/creative_activities_semantic/creative_activities_semantic_5.png"",""x"":1291,""y"":577},{""src"":""https://test12345.live/images/semantic_sequence/creative_activities_semantic/creative_activities_semantic_ten.png"",""x"":1291,""y"":804}]","10",""
"","order","8","309655","0.0-8.0","7EC6EC9604A74DB4B503ED8DB5DFB91F","conditionC","","62402","[""schematic_sequence/flight_scheme/flight_scheme_5"",""schematic_sequence/flight_scheme/flight_scheme_3"",""schematic_sequence/flight_scheme/flight_scheme_2"",""schematic_sequence/flight_scheme/flight_scheme_7"",""schematic_sequence/flight_scheme/flight_scheme_6"",""schematic_sequence/flight_scheme/flight_scheme_9"",""schematic_sequence/flight_scheme/flight_scheme_4"",""schematic_sequence/flight_scheme/flight_scheme_ten"",""schematic_sequence/flight_scheme/flight_scheme_1"",""schematic_sequence/flight_scheme/flight_scheme_8""]","[{""src"":""https://test12345.live/images/schematic_sequence/flight_scheme/flight_scheme_1.png"",""x"":384,""y"":577,""move_time"":12848},{""src"":""https://test12345.live/images/schematic_sequence/flight_scheme/flight_scheme_2.png"",""x"":611,""y"":577,""move_time"":5116},{""src"":""https://test12345.live/images/schematic_sequence/flight_scheme/flight_scheme_3.png"",""x"":611,""y"":78,""move_time"":5235},{""src"":""https://test12345.live/images/schematic_sequence/flight_scheme/flight_scheme_4.png"",""x"":837,""y"":577,""move_time"":12585},{""src"":""https://test12345.live/images/schematic_sequence/flight_scheme/flight_scheme_3.png"",""x"":611,""y"":78,""move_time"":5050},{""src"":""https://test12345.live/images/schematic_sequence/flight_scheme/flight_scheme_4.png"",""x"":837,""y"":78,""move_time"":1231},{""src"":""https://test12345.live/images/schematic_sequence/flight_scheme/flight_scheme_3.png"",""x"":837,""y"":577,""move_time"":1467},{""src"":""https://test12345.live/images/schematic_sequence/flight_scheme/flight_scheme_4.png"",""x"":1064,""y"":577,""move_time"":1357},{""src"":""https://test12345.live/images/schematic_sequence/flight_scheme/flight_scheme_9.png"",""x"":1291,""y"":577,""move_time"":2615},{""src"":""https://test12345.live/images/schematic_sequence/flight_scheme/flight_scheme_5.png"",""x"":384,""y"":804,""move_time"":6299},{""src"":""https://test12345.live/images/schematic_sequence/flight_scheme/flight_scheme_6.png"",""x"":611,""y"":804,""move_time"":2865},{""src"":""https://test12345.live/images/schematic_sequence/flight_scheme/flight_scheme_7.png"",""x"":837,""y"":804,""move_time"":2267},{""src"":""https://test12345.live/images/schematic_sequence/flight_scheme/flight_scheme_8.png"",""x"":1064,""y"":804,""move_time"":1443},{""src"":""https://test12345.live/images/schematic_sequence/flight_scheme/flight_scheme_ten.png"",""x"":1291,""y"":804,""move_time"":1127}]","[{""src"":""https://test12345.live/images/schematic_sequence/flight_scheme/flight_scheme_1.png"",""x"":384,""y"":577},{""src"":""https://test12345.live/images/schematic_sequence/flight_scheme/flight_scheme_5.png"",""x"":384,""y"":804},{""src"":""https://test12345.live/images/schematic_sequence/flight_scheme/flight_scheme_2.png"",""x"":611,""y"":577},{""src"":""https://test12345.live/images/schematic_sequence/flight_scheme/flight_scheme_6.png"",""x"":611,""y"":804},{""src"":""https://test12345.live/images/schematic_sequence/flight_scheme/flight_scheme_3.png"",""x"":837,""y"":577},{""src"":""https://test12345.live/images/schematic_sequence/flight_scheme/flight_scheme_7.png"",""x"":837,""y"":804},{""src"":""https://test12345.live/images/schematic_sequence/flight_scheme/flight_scheme_4.png"",""x"":1064,""y"":577},{""src"":""https://test12345.live/images/schematic_sequence/flight_scheme/flight_scheme_8.png"",""x"":1064,""y"":804},{""src"":""https://test12345.live/images/schematic_sequence/flight_scheme/flight_scheme_9.png"",""x"":1291,""y"":577},{""src"":""https://test12345.live/images/schematic_sequence/flight_scheme/flight_scheme_ten.png"",""x"":1291,""y"":804}]","14",""
"","order","9","366569","0.0-9.0","7EC6EC9604A74DB4B503ED8DB5DFB91F","conditionC","","56912","[""causal_sequence/saving_a_cat_causal/saving_a_cat_causal_ten"",""causal_sequence/saving_a_cat_causal/saving_a_cat_causal_4"",""causal_sequence/saving_a_cat_causal/saving_a_cat_causal_6"",""causal_sequence/saving_a_cat_causal/saving_a_cat_causal_7"",""causal_sequence/saving_a_cat_causal/saving_a_cat_causal_2"",""causal_sequence/saving_a_cat_causal/saving_a_cat_causal_1"",""causal_sequence/saving_a_cat_causal/saving_a_cat_causal_5"",""causal_sequence/saving_a_cat_causal/saving_a_cat_causal_8"",""causal_sequence/saving_a_cat_causal/saving_a_cat_causal_9"",""causal_sequence/saving_a_cat_causal/saving_a_cat_causal_3""]","[{""src"":""https://test12345.live/images/causal_sequence/saving_a_cat_causal/saving_a_cat_causal_1.png"",""x"":384,""y"":577,""move_time"":24899},{""src"":""https://test12345.live/images/causal_sequence/saving_a_cat_causal/saving_a_cat_causal_2.png"",""x"":611,""y"":577,""move_time"":7504},{""src"":""https://test12345.live/images/causal_sequence/saving_a_cat_causal/saving_a_cat_causal_3.png"",""x"":837,""y"":577,""move_time"":2087},{""src"":""https://test12345.live/images/causal_sequence/saving_a_cat_causal/saving_a_cat_causal_4.png"",""x"":1064,""y"":577,""move_time"":3072},{""src"":""https://test12345.live/images/causal_sequence/saving_a_cat_causal/saving_a_cat_causal_5.png"",""x"":1291,""y"":577,""move_time"":6946},{""src"":""https://test12345.live/images/causal_sequence/saving_a_cat_causal/saving_a_cat_causal_6.png"",""x"":384,""y"":804,""move_time"":5285},{""src"":""https://test12345.live/images/causal_sequence/saving_a_cat_causal/saving_a_cat_causal_7.png"",""x"":611,""y"":804,""move_time"":2270},{""src"":""https://test12345.live/images/causal_sequence/saving_a_cat_causal/saving_a_cat_causal_8.png"",""x"":837,""y"":804,""move_time"":1094},{""src"":""https://test12345.live/images/causal_sequence/saving_a_cat_causal/saving_a_cat_causal_9.png"",""x"":1064,""y"":804,""move_time"":1216},{""src"":""https://test12345.live/images/causal_sequence/saving_a_cat_causal/saving_a_cat_causal_ten.png"",""x"":1291,""y"":804,""move_time"":1361}]","[{""src"":""https://test12345.live/images/causal_sequence/saving_a_cat_causal/saving_a_cat_causal_1.png"",""x"":384,""y"":577},{""src"":""https://test12345.live/images/causal_sequence/saving_a_cat_causal/saving_a_cat_causal_6.png"",""x"":384,""y"":804},{""src"":""https://test12345.live/images/causal_sequence/saving_a_cat_causal/saving_a_cat_causal_2.png"",""x"":611,""y"":577},{""src"":""https://test12345.live/images/causal_sequence/saving_a_cat_causal/saving_a_cat_causal_7.png"",""x"":611,""y"":804},{""src"":""https://test12345.live/images/causal_sequence/saving_a_cat_causal/saving_a_cat_causal_3.png"",""x"":837,""y"":577},{""src"":""https://test12345.live/images/causal_sequence/saving_a_cat_causal/saving_a_cat_causal_8.png"",""x"":837,""y"":804},{""src"":""https://test12345.live/images/causal_sequence/saving_a_cat_causal/saving_a_cat_causal_4.png"",""x"":1064,""y"":577},{""src"":""https://test12345.live/images/causal_sequence/saving_a_cat_causal/saving_a_cat_causal_9.png"",""x"":1064,""y"":804},{""src"":""https://test12345.live/images/causal_sequence/saving_a_cat_causal/saving_a_cat_causal_5.png"",""x"":1291,""y"":577},{""src"":""https://test12345.live/images/causal_sequence/saving_a_cat_causal/saving_a_cat_causal_ten.png"",""x"":1291,""y"":804}]","10",""
"","order","10","458887","0.0-10.0","7EC6EC9604A74DB4B503ED8DB5DFB91F","conditionC","","92317","[""causal_sequence/coin_causal/coin_causal_8"",""causal_sequence/coin_causal/coin_causal_6"",""causal_sequence/coin_causal/coin_causal_4"",""causal_sequence/coin_causal/coin_causal_3"",""causal_sequence/coin_causal/coin_causal_7"",""causal_sequence/coin_causal/coin_causal_ten"",""causal_sequence/coin_causal/coin_causal_1"",""causal_sequence/coin_causal/coin_causal_9"",""causal_sequence/coin_causal/coin_causal_5"",""causal_sequence/coin_causal/coin_causal_2""]","[{""src"":""https://test12345.live/images/causal_sequence/coin_causal/coin_causal_2.png"",""x"":384,""y"":577,""move_time"":29844},{""src"":""https://test12345.live/images/causal_sequence/coin_causal/coin_causal_3.png"",""x"":611,""y"":577,""move_time"":4097},{""src"":""https://test12345.live/images/causal_sequence/coin_causal/coin_causal_3.png"",""x"":837,""y"":577,""move_time"":12508},{""src"":""https://test12345.live/images/causal_sequence/coin_causal/coin_causal_2.png"",""x"":611,""y"":577,""move_time"":830},{""src"":""https://test12345.live/images/causal_sequence/coin_causal/coin_causal_1.png"",""x"":384,""y"":577,""move_time"":841},{""src"":""https://test12345.live/images/causal_sequence/coin_causal/coin_causal_5.png"",""x"":1064,""y"":577,""move_time"":14634},{""src"":""https://test12345.live/images/causal_sequence/coin_causal/coin_causal_6.png"",""x"":1064,""y"":78,""move_time"":7439},{""src"":""https://test12345.live/images/causal_sequence/coin_causal/coin_causal_5.png"",""x"":1064,""y"":305,""move_time"":958},{""src"":""https://test12345.live/images/causal_sequence/coin_causal/coin_causal_4.png"",""x"":1064,""y"":577,""move_time"":859},{""src"":""https://test12345.live/images/causal_sequence/coin_causal/coin_causal_5.png"",""x"":1291,""y"":577,""move_time"":859},{""src"":""https://test12345.live/images/causal_sequence/coin_causal/coin_causal_6.png"",""x"":384,""y"":804,""move_time"":1352},{""src"":""https://test12345.live/images/causal_sequence/coin_causal/coin_causal_7.png"",""x"":611,""y"":804,""move_time"":7345},{""src"":""https://test12345.live/images/causal_sequence/coin_causal/coin_causal_9.png"",""x"":837,""y"":804,""move_time"":2753},{""src"":""https://test12345.live/images/causal_sequence/coin_causal/coin_causal_ten.png"",""x"":611,""y"":305,""move_time"":3308},{""src"":""https://test12345.live/images/causal_sequence/coin_causal/coin_causal_8.png"",""x"":1064,""y"":804,""move_time"":1378},{""src"":""https://test12345.live/images/causal_sequence/coin_causal/coin_causal_ten.png"",""x"":1291,""y"":804,""move_time"":1431}]","[{""src"":""https://test12345.live/images/causal_sequence/coin_causal/coin_causal_1.png"",""x"":384,""y"":577},{""src"":""https://test12345.live/images/causal_sequence/coin_causal/coin_causal_6.png"",""x"":384,""y"":804},{""src"":""https://test12345.live/images/causal_sequence/coin_causal/coin_causal_2.png"",""x"":611,""y"":577},{""src"":""https://test12345.live/images/causal_sequence/coin_causal/coin_causal_7.png"",""x"":611,""y"":804},{""src"":""https://test12345.live/images/causal_sequence/coin_causal/coin_causal_3.png"",""x"":837,""y"":577},{""src"":""https://test12345.live/images/causal_sequence/coin_causal/coin_causal_9.png"",""x"":837,""y"":804},{""src"":""https://test12345.live/images/causal_sequence/coin_causal/coin_causal_4.png"",""x"":1064,""y"":577},{""src"":""https://test12345.live/images/causal_sequence/coin_causal/coin_causal_8.png"",""x"":1064,""y"":804},{""src"":""https://test12345.live/images/causal_sequence/coin_causal/coin_causal_5.png"",""x"":1291,""y"":577},{""src"":""https://test12345.live/images/causal_sequence/coin_causal/coin_causal_ten.png"",""x"":1291,""y"":804}]","16",""
"","order","11","523504","0.0-11.0","7EC6EC9604A74DB4B503ED8DB5DFB91F","conditionC","","64617","[""semantic_sequence/market_semantic/market_semantic_7"",""semantic_sequence/market_semantic/market_semantic_3"",""semantic_sequence/market_semantic/market_semantic_5"",""semantic_sequence/market_semantic/market_semantic_8"",""semantic_sequence/market_semantic/market_semantic_1"",""semantic_sequence/market_semantic/market_semantic_6"",""semantic_sequence/market_semantic/market_semantic_9"",""semantic_sequence/market_semantic/market_semantic_2"",""semantic_sequence/market_semantic/market_semantic_4"",""semantic_sequence/market_semantic/market_semantic_ten""]","[{""src"":""https://test12345.live/images/semantic_sequence/market_semantic/market_semantic_6.png"",""x"":384,""y"":577,""move_time"":29799},{""src"":""https://test12345.live/images/semantic_sequence/market_semantic/market_semantic_7.png"",""x"":611,""y"":577,""move_time"":3649},{""src"":""https://test12345.live/images/semantic_sequence/market_semantic/market_semantic_1.png"",""x"":837,""y"":577,""move_time"":6078},{""src"":""https://test12345.live/images/semantic_sequence/market_semantic/market_semantic_2.png"",""x"":1064,""y"":577,""move_time"":6068},{""src"":""https://test12345.live/images/semantic_sequence/market_semantic/market_semantic_9.png"",""x"":1291,""y"":577,""move_time"":3393},{""src"":""https://test12345.live/images/semantic_sequence/market_semantic/market_semantic_5.png"",""x"":384,""y"":804,""move_time"":8133},{""src"":""https://test12345.live/images/semantic_sequence/market_semantic/market_semantic_8.png"",""x"":611,""y"":804,""move_time"":1075},{""src"":""https://test12345.live/images/semantic_sequence/market_semantic/market_semantic_3.png"",""x"":837,""y"":804,""move_time"":979},{""src"":""https://test12345.live/images/semantic_sequence/market_semantic/market_semantic_ten.png"",""x"":1064,""y"":804,""move_time"":3793},{""src"":""https://test12345.live/images/semantic_sequence/market_semantic/market_semantic_4.png"",""x"":1291,""y"":804,""move_time"":815}]","[{""src"":""https://test12345.live/images/semantic_sequence/market_semantic/market_semantic_6.png"",""x"":384,""y"":577},{""src"":""https://test12345.live/images/semantic_sequence/market_semantic/market_semantic_5.png"",""x"":384,""y"":804},{""src"":""https://test12345.live/images/semantic_sequence/market_semantic/market_semantic_7.png"",""x"":611,""y"":577},{""src"":""https://test12345.live/images/semantic_sequence/market_semantic/market_semantic_8.png"",""x"":611,""y"":804},{""src"":""https://test12345.live/images/semantic_sequence/market_semantic/market_semantic_1.png"",""x"":837,""y"":577},{""src"":""https://test12345.live/images/semantic_sequence/market_semantic/market_semantic_3.png"",""x"":837,""y"":804},{""src"":""https://test12345.live/images/semantic_sequence/market_semantic/market_semantic_2.png"",""x"":1064,""y"":577},{""src"":""https://test12345.live/images/semantic_sequence/market_semantic/market_semantic_ten.png"",""x"":1064,""y"":804},{""src"":""https://test12345.live/images/semantic_sequence/market_semantic/market_semantic_9.png"",""x"":1291,""y"":577},{""src"":""https://test12345.live/images/semantic_sequence/market_semantic/market_semantic_4.png"",""x"":1291,""y"":804}]","10",""
"","order","12","615983","0.0-12.0","7EC6EC9604A74DB4B503ED8DB5DFB91F","conditionC","","92478","[""schematic_sequence/dinner_party_scheme/dinner_party_scheme_ten"",""schematic_sequence/dinner_party_scheme/dinner_party_scheme_9"",""schematic_sequence/dinner_party_scheme/dinner_party_scheme_5"",""schematic_sequence/dinner_party_scheme/dinner_party_scheme_2"",""schematic_sequence/dinner_party_scheme/dinner_party_scheme_8"",""schematic_sequence/dinner_party_scheme/dinner_party_scheme_7"",""schematic_sequence/dinner_party_scheme/dinner_party_scheme_3"",""schematic_sequence/dinner_party_scheme/dinner_party_scheme_1"",""schematic_sequence/dinner_party_scheme/dinner_party_scheme_4"",""schematic_sequence/dinner_party_scheme/dinner_party_scheme_6""]","[{""src"":""https://test12345.live/images/schematic_sequence/dinner_party_scheme/dinner_party_scheme_1.png"",""x"":384,""y"":577,""move_time"":10116},{""src"":""https://test12345.live/images/schematic_sequence/dinner_party_scheme/dinner_party_scheme_6.png"",""x"":611,""y"":577,""move_time"":2535},{""src"":""https://test12345.live/images/schematic_sequence/dinner_party_scheme/dinner_party_scheme_6.png"",""x"":1064,""y"":577,""move_time"":12961},{""src"":""https://test12345.live/images/schematic_sequence/dinner_party_scheme/dinner_party_scheme_2.png"",""x"":611,""y"":577,""move_time"":4252},{""src"":""https://test12345.live/images/schematic_sequence/dinner_party_scheme/dinner_party_scheme_5.png"",""x"":837,""y"":577,""move_time"":2121},{""src"":""https://test12345.live/images/schematic_sequence/dinner_party_scheme/dinner_party_scheme_6.png"",""x"":1291,""y"":577,""move_time"":2694},{""src"":""https://test12345.live/images/schematic_sequence/dinner_party_scheme/dinner_party_scheme_5.png"",""x"":1064,""y"":577,""move_time"":680},{""src"":""https://test12345.live/images/schematic_sequence/dinner_party_scheme/dinner_party_scheme_2.png"",""x"":837,""y"":577,""move_time"":789},{""src"":""https://test12345.live/images/schematic_sequence/dinner_party_scheme/dinner_party_scheme_2.png"",""x"":611,""y"":577,""move_time"":2091},{""src"":""https://test12345.live/images/schematic_sequence/dinner_party_scheme/dinner_party_scheme_3.png"",""x"":837,""y"":577,""move_time"":1389},{""src"":""https://test12345.live/images/schematic_sequence/dinner_party_scheme/dinner_party_scheme_2.png"",""x"":611,""y"":804,""move_time"":4398},{""src"":""https://test12345.live/images/schematic_sequence/dinner_party_scheme/dinner_party_scheme_3.png"",""x"":837,""y"":804,""move_time"":575},{""src"":""https://test12345.live/images/schematic_sequence/dinner_party_scheme/dinner_party_scheme_5.png"",""x"":1064,""y"":804,""move_time"":653},{""src"":""https://test12345.live/images/schematic_sequence/dinner_party_scheme/dinner_party_scheme_6.png"",""x"":1291,""y"":804,""move_time"":740},{""src"":""https://test12345.live/images/schematic_sequence/dinner_party_scheme/dinner_party_scheme_1.png"",""x"":1291,""y"":577,""move_time"":1969},{""src"":""https://test12345.live/images/schematic_sequence/dinner_party_scheme/dinner_party_scheme_2.png"",""x"":611,""y"":804,""move_time"":3654},{""src"":""https://test12345.live/images/schematic_sequence/dinner_party_scheme/dinner_party_scheme_1.png"",""x"":384,""y"":577,""move_time"":4974},{""src"":""https://test12345.live/images/schematic_sequence/dinner_party_scheme/dinner_party_scheme_2.png"",""x"":611,""y"":577,""move_time"":590},{""src"":""https://test12345.live/images/schematic_sequence/dinner_party_scheme/dinner_party_scheme_3.png"",""x"":837,""y"":577,""move_time"":719},{""src"":""https://test12345.live/images/schematic_sequence/dinner_party_scheme/dinner_party_scheme_5.png"",""x"":1064,""y"":577,""move_time"":1049},{""src"":""https://test12345.live/images/schematic_sequence/dinner_party_scheme/dinner_party_scheme_6.png"",""x"":1291,""y"":577,""move_time"":748},{""src"":""https://test12345.live/images/schematic_sequence/dinner_party_scheme/dinner_party_scheme_6.png"",""x"":1291,""y"":804,""move_time"":3124},{""src"":""https://test12345.live/images/schematic_sequence/dinner_party_scheme/dinner_party_scheme_5.png"",""x"":1064,""y"":804,""move_time"":689},{""src"":""https://test12345.live/images/schematic_sequence/dinner_party_scheme/dinner_party_scheme_4.png"",""x"":1064,""y"":577,""move_time"":1999},{""src"":""https://test12345.live/images/schematic_sequence/dinner_party_scheme/dinner_party_scheme_5.png"",""x"":1291,""y"":577,""move_time"":3023},{""src"":""https://test12345.live/images/schematic_sequence/dinner_party_scheme/dinner_party_scheme_6.png"",""x"":384,""y"":804,""move_time"":9365},{""src"":""https://test12345.live/images/schematic_sequence/dinner_party_scheme/dinner_party_scheme_7.png"",""x"":611,""y"":804,""move_time"":2636},{""src"":""https://test12345.live/images/schematic_sequence/dinner_party_scheme/dinner_party_scheme_9.png"",""x"":837,""y"":804,""move_time"":2133},{""src"":""https://test12345.live/images/schematic_sequence/dinner_party_scheme/dinner_party_scheme_8.png"",""x"":1064,""y"":804,""move_time"":3856},{""src"":""https://test12345.live/images/schematic_sequence/dinner_party_scheme/dinner_party_scheme_ten.png"",""x"":1291,""y"":804,""move_time"":1133}]","[{""src"":""https://test12345.live/images/schematic_sequence/dinner_party_scheme/dinner_party_scheme_1.png"",""x"":384,""y"":577},{""src"":""https://test12345.live/images/schematic_sequence/dinner_party_scheme/dinner_party_scheme_6.png"",""x"":384,""y"":804},{""src"":""https://test12345.live/images/schematic_sequence/dinner_party_scheme/dinner_party_scheme_2.png"",""x"":611,""y"":577},{""src"":""https://test12345.live/images/schematic_sequence/dinner_party_scheme/dinner_party_scheme_7.png"",""x"":611,""y"":804},{""src"":""https://test12345.live/images/schematic_sequence/dinner_party_scheme/dinner_party_scheme_3.png"",""x"":837,""y"":577},{""src"":""https://test12345.live/images/schematic_sequence/dinner_party_scheme/dinner_party_scheme_9.png"",""x"":837,""y"":804},{""src"":""https://test12345.live/images/schematic_sequence/dinner_party_scheme/dinner_party_scheme_4.png"",""x"":1064,""y"":577},{""src"":""https://test12345.live/images/schematic_sequence/dinner_party_scheme/dinner_party_scheme_8.png"",""x"":1064,""y"":804},{""src"":""https://test12345.live/images/schematic_sequence/dinner_party_scheme/dinner_party_scheme_5.png"",""x"":1291,""y"":577},{""src"":""https://test12345.live/images/schematic_sequence/dinner_party_scheme/dinner_party_scheme_ten.png"",""x"":1291,""y"":804}]","30",""
"","survey-text","13","620861","0.0-13.0","7EC6EC9604A74DB4B503ED8DB5DFB91F","conditionC","","4874.5","","","","","{""Q0"":""25""}"
"","survey-text","14","628037","0.0-14.0","7EC6EC9604A74DB4B503ED8DB5DFB91F","conditionC","","7172.9000000059605","","","","","{""Q0"":""MALE""}"
"","instructions","15","632250","0.0-15.0","7EC6EC9604A74DB4B503ED8DB5DFB91F","conditionC","[{""page_index"":0,""viewing_time"":4212.29999999702}]","4212.4000000059605","","","","",""
