"success","trial_type","trial_index","time_elapsed","internal_node_id","subject","condition","view_history","rt","initial_locations","moves","final_locations_3","number_of_moves","responses"
"true","fullscreen","0","5157","0.0-0.0","F91D4B22CBCF44D2AFEF7E1320B30F57","conditionB","","","","","","",""
"","instructions","1","20194","0.0-1.0","F91D4B22CBCF44D2AFEF7E1320B30F57","conditionB","[{""page_index"":0,""viewing_time"":2383},{""page_index"":1,""viewing_time"":5111},{""page_index"":2,""viewing_time"":2075},{""page_index"":3,""viewing_time"":4060},{""page_index"":4,""viewing_time"":1408}]","15037","","","","",""
"","order","2","37295","0.0-2.0","F91D4B22CBCF44D2AFEF7E1320B30F57","conditionB","","17099","[""instructions/movie_4"",""instructions/movie_3"",""instructions/movie_2"",""instructions/movie_1"",""blank"",""blank"",""blank"",""blank"",""blank"",""blank""]","[{""src"":""https://test12345.live/images/instructions/movie_2.png"",""x"":307,""y"":469,""move_time"":10942},{""src"":""https://test12345.live/images/instructions/movie_1.png"",""x"":489,""y"":469,""move_time"":2237},{""src"":""https://test12345.live/images/instructions/movie_3.png"",""x"":670,""y"":469,""move_time"":1420},{""src"":""https://test12345.live/images/instructions/movie_4.png"",""x"":851,""y"":469,""move_time"":1602}]","[{""src"":""https://test12345.live/images/instructions/movie_2.png"",""x"":307,""y"":469},{""src"":""https://test12345.live/images/blank6.jpg"",""x"":307,""y"":651},{""src"":""https://test12345.live/images/instructions/movie_1.png"",""x"":489,""y"":469},{""src"":""https://test12345.live/images/blank7.jpg"",""x"":489,""y"":651},{""src"":""https://test12345.live/images/instructions/movie_3.png"",""x"":670,""y"":469},{""src"":""https://test12345.live/images/blank8.jpg"",""x"":670,""y"":651},{""src"":""https://test12345.live/images/instructions/movie_4.png"",""x"":851,""y"":469},{""src"":""https://test12345.live/images/blank9.jpg"",""x"":851,""y"":651},{""src"":""https://test12345.live/images/blank5.jpg"",""x"":1032,""y"":469},{""src"":""https://test12345.live/images/blank10.jpg"",""x"":1032,""y"":651}]","4",""
"","instructions","3","40035","0.0-3.0","F91D4B22CBCF44D2AFEF7E1320B30F57","conditionB","[{""page_index"":0,""viewing_time"":2738}]","2738","","","","",""
"","order","4","81354","0.0-4.0","F91D4B22CBCF44D2AFEF7E1320B30F57","conditionB","","41318","[""schematic_sequence/flight_scheme/flight_scheme_9"",""schematic_sequence/flight_scheme/flight_scheme_ten"",""schematic_sequence/flight_scheme/flight_scheme_8"",""schematic_sequence/flight_scheme/flight_scheme_7"",""schematic_sequence/flight_scheme/flight_scheme_1"",""schematic_sequence/flight_scheme/flight_scheme_5"",""schematic_sequence/flight_scheme/flight_scheme_3"",""schematic_sequence/flight_scheme/flight_scheme_6"",""schematic_sequence/flight_scheme/flight_scheme_4"",""schematic_sequence/flight_scheme/flight_scheme_2""]","[{""src"":""https://test12345.live/images/schematic_sequence/flight_scheme/flight_scheme_1.png"",""x"":307,""y"":469,""move_time"":12714},{""src"":""https://test12345.live/images/schematic_sequence/flight_scheme/flight_scheme_2.png"",""x"":489,""y"":469,""move_time"":2977},{""src"":""https://test12345.live/images/schematic_sequence/flight_scheme/flight_scheme_3.png"",""x"":670,""y"":469,""move_time"":7150},{""src"":""https://test12345.live/images/schematic_sequence/flight_scheme/flight_scheme_4.png"",""x"":851,""y"":469,""move_time"":2114},{""src"":""https://test12345.live/images/schematic_sequence/flight_scheme/flight_scheme_9.png"",""x"":1032,""y"":469,""move_time"":4504},{""src"":""https://test12345.live/images/schematic_sequence/flight_scheme/flight_scheme_5.png"",""x"":307,""y"":651,""move_time"":2420},{""src"":""https://test12345.live/images/schematic_sequence/flight_scheme/flight_scheme_6.png"",""x"":489,""y"":651,""move_time"":1926},{""src"":""https://test12345.live/images/schematic_sequence/flight_scheme/flight_scheme_7.png"",""x"":670,""y"":651,""move_time"":1982},{""src"":""https://test12345.live/images/schematic_sequence/flight_scheme/flight_scheme_8.png"",""x"":851,""y"":651,""move_time"":2777},{""src"":""https://test12345.live/images/schematic_sequence/flight_scheme/flight_scheme_ten.png"",""x"":1032,""y"":651,""move_time"":1600}]","[{""src"":""https://test12345.live/images/schematic_sequence/flight_scheme/flight_scheme_1.png"",""x"":307,""y"":469},{""src"":""https://test12345.live/images/schematic_sequence/flight_scheme/flight_scheme_5.png"",""x"":307,""y"":651},{""src"":""https://test12345.live/images/schematic_sequence/flight_scheme/flight_scheme_2.png"",""x"":489,""y"":469},{""src"":""https://test12345.live/images/schematic_sequence/flight_scheme/flight_scheme_6.png"",""x"":489,""y"":651},{""src"":""https://test12345.live/images/schematic_sequence/flight_scheme/flight_scheme_3.png"",""x"":670,""y"":469},{""src"":""https://test12345.live/images/schematic_sequence/flight_scheme/flight_scheme_7.png"",""x"":670,""y"":651},{""src"":""https://test12345.live/images/schematic_sequence/flight_scheme/flight_scheme_4.png"",""x"":851,""y"":469},{""src"":""https://test12345.live/images/schematic_sequence/flight_scheme/flight_scheme_8.png"",""x"":851,""y"":651},{""src"":""https://test12345.live/images/schematic_sequence/flight_scheme/flight_scheme_9.png"",""x"":1032,""y"":469},{""src"":""https://test12345.live/images/schematic_sequence/flight_scheme/flight_scheme_ten.png"",""x"":1032,""y"":651}]","10",""
"","order","5","154384","0.0-5.0","F91D4B22CBCF44D2AFEF7E1320B30F57","conditionB","","73029","[""semantic_sequence/housework_semantic/housework_semantic_6"",""semantic_sequence/housework_semantic/housework_semantic_7"",""semantic_sequence/housework_semantic/housework_semantic_2"",""semantic_sequence/housework_semantic/housework_semantic_ten"",""semantic_sequence/housework_semantic/housework_semantic_9"",""semantic_sequence/housework_semantic/housework_semantic_5"",""semantic_sequence/housework_semantic/housework_semantic_3"",""semantic_sequence/housework_semantic/housework_semantic_4"",""semantic_sequence/housework_semantic/housework_semantic_8"",""semantic_sequence/housework_semantic/housework_semantic_1""]","[{""src"":""https://test12345.live/images/semantic_sequence/housework_semantic/housework_semantic_1.png"",""x"":307,""y"":469,""move_time"":41685},{""src"":""https://test12345.live/images/semantic_sequence/housework_semantic/housework_semantic_2.png"",""x"":489,""y"":469,""move_time"":1996},{""src"":""https://test12345.live/images/semantic_sequence/housework_semantic/housework_semantic_3.png"",""x"":670,""y"":469,""move_time"":2431},{""src"":""https://test12345.live/images/semantic_sequence/housework_semantic/housework_semantic_4.png"",""x"":851,""y"":469,""move_time"":8228},{""src"":""https://test12345.live/images/semantic_sequence/housework_semantic/housework_semantic_5.png"",""x"":1032,""y"":469,""move_time"":1636},{""src"":""https://test12345.live/images/semantic_sequence/housework_semantic/housework_semantic_7.png"",""x"":307,""y"":651,""move_time"":5542},{""src"":""https://test12345.live/images/semantic_sequence/housework_semantic/housework_semantic_6.png"",""x"":489,""y"":651,""move_time"":5934},{""src"":""https://test12345.live/images/semantic_sequence/housework_semantic/housework_semantic_8.png"",""x"":670,""y"":651,""move_time"":1556},{""src"":""https://test12345.live/images/semantic_sequence/housework_semantic/housework_semantic_9.png"",""x"":851,""y"":651,""move_time"":1664},{""src"":""https://test12345.live/images/semantic_sequence/housework_semantic/housework_semantic_ten.png"",""x"":1032,""y"":651,""move_time"":1392}]","[{""src"":""https://test12345.live/images/semantic_sequence/housework_semantic/housework_semantic_1.png"",""x"":307,""y"":469},{""src"":""https://test12345.live/images/semantic_sequence/housework_semantic/housework_semantic_7.png"",""x"":307,""y"":651},{""src"":""https://test12345.live/images/semantic_sequence/housework_semantic/housework_semantic_2.png"",""x"":489,""y"":469},{""src"":""https://test12345.live/images/semantic_sequence/housework_semantic/housework_semantic_6.png"",""x"":489,""y"":651},{""src"":""https://test12345.live/images/semantic_sequence/housework_semantic/housework_semantic_3.png"",""x"":670,""y"":469},{""src"":""https://test12345.live/images/semantic_sequence/housework_semantic/housework_semantic_8.png"",""x"":670,""y"":651},{""src"":""https://test12345.live/images/semantic_sequence/housework_semantic/housework_semantic_4.png"",""x"":851,""y"":469},{""src"":""https://test12345.live/images/semantic_sequence/housework_semantic/housework_semantic_9.png"",""x"":851,""y"":651},{""src"":""https://test12345.live/images/semantic_sequence/housework_semantic/housework_semantic_5.png"",""x"":1032,""y"":469},{""src"":""https://test12345.live/images/semantic_sequence/housework_semantic/housework_semantic_ten.png"",""x"":1032,""y"":651}]","10",""
"","order","6","209499","0.0-6.0","F91D4B22CBCF44D2AFEF7E1320B30F57","conditionB","","55114","[""causal_sequence/coin_causal/coin_causal_7"",""causal_sequence/coin_causal/coin_causal_8"",""causal_sequence/coin_causal/coin_causal_9"",""causal_sequence/coin_causal/coin_causal_6"",""causal_sequence/coin_causal/coin_causal_ten"",""causal_sequence/coin_causal/coin_causal_1"",""causal_sequence/coin_causal/coin_causal_4"",""causal_sequence/coin_causal/coin_causal_5"",""causal_sequence/coin_causal/coin_causal_3"",""causal_sequence/coin_causal/coin_causal_2""]","[{""src"":""https://test12345.live/images/causal_sequence/coin_causal/coin_causal_2.png"",""x"":307,""y"":469,""move_time"":20821},{""src"":""https://test12345.live/images/causal_sequence/coin_causal/coin_causal_2.png"",""x"":489,""y"":469,""move_time"":3518},{""src"":""https://test12345.live/images/causal_sequence/coin_causal/coin_causal_1.png"",""x"":307,""y"":469,""move_time"":1305},{""src"":""https://test12345.live/images/causal_sequence/coin_causal/coin_causal_4.png"",""x"":670,""y"":469,""move_time"":3283},{""src"":""https://test12345.live/images/causal_sequence/coin_causal/coin_causal_4.png"",""x"":851,""y"":469,""move_time"":3684},{""src"":""https://test12345.live/images/causal_sequence/coin_causal/coin_causal_3.png"",""x"":670,""y"":469,""move_time"":1092},{""src"":""https://test12345.live/images/causal_sequence/coin_causal/coin_causal_5.png"",""x"":1032,""y"":469,""move_time"":9181},{""src"":""https://test12345.live/images/causal_sequence/coin_causal/coin_causal_6.png"",""x"":307,""y"":651,""move_time"":2851},{""src"":""https://test12345.live/images/causal_sequence/coin_causal/coin_causal_7.png"",""x"":489,""y"":651,""move_time"":1895},{""src"":""https://test12345.live/images/causal_sequence/coin_causal/coin_causal_9.png"",""x"":670,""y"":61,""move_time"":2973},{""src"":""https://test12345.live/images/causal_sequence/coin_causal/coin_causal_8.png"",""x"":670,""y"":651,""move_time"":1059},{""src"":""https://test12345.live/images/causal_sequence/coin_causal/coin_causal_9.png"",""x"":851,""y"":651,""move_time"":1092},{""src"":""https://test12345.live/images/causal_sequence/coin_causal/coin_causal_ten.png"",""x"":1032,""y"":651,""move_time"":1406}]","[{""src"":""https://test12345.live/images/causal_sequence/coin_causal/coin_causal_1.png"",""x"":307,""y"":469},{""src"":""https://test12345.live/images/causal_sequence/coin_causal/coin_causal_6.png"",""x"":307,""y"":651},{""src"":""https://test12345.live/images/causal_sequence/coin_causal/coin_causal_2.png"",""x"":489,""y"":469},{""src"":""https://test12345.live/images/causal_sequence/coin_causal/coin_causal_7.png"",""x"":489,""y"":651},{""src"":""https://test12345.live/images/causal_sequence/coin_causal/coin_causal_3.png"",""x"":670,""y"":469},{""src"":""https://test12345.live/images/causal_sequence/coin_causal/coin_causal_8.png"",""x"":670,""y"":651},{""src"":""https://test12345.live/images/causal_sequence/coin_causal/coin_causal_4.png"",""x"":851,""y"":469},{""src"":""https://test12345.live/images/causal_sequence/coin_causal/coin_causal_9.png"",""x"":851,""y"":651},{""src"":""https://test12345.live/images/causal_sequence/coin_causal/coin_causal_5.png"",""x"":1032,""y"":469},{""src"":""https://test12345.live/images/causal_sequence/coin_causal/coin_causal_ten.png"",""x"":1032,""y"":651}]","13",""
"","order","7","232807","0.0-7.0","F91D4B22CBCF44D2AFEF7E1320B30F57","conditionB","","23306","[""semantic_sequence/creative_activities_semantic/creative_activities_semantic_ten"",""semantic_sequence/creative_activities_semantic/creative_activities_semantic_8"",""semantic_sequence/creative_activities_semantic/creative_activities_semantic_9"",""semantic_sequence/creative_activities_semantic/creative_activities_semantic_2"",""semantic_sequence/creative_activities_semantic/creative_activities_semantic_6"",""semantic_sequence/creative_activities_semantic/creative_activities_semantic_1"",""semantic_sequence/creative_activities_semantic/creative_activities_semantic_4"",""semantic_sequence/creative_activities_semantic/creative_activities_semantic_3"",""semantic_sequence/creative_activities_semantic/creative_activities_semantic_7"",""semantic_sequence/creative_activities_semantic/creative_activities_semantic_5""]","[{""src"":""https://test12345.live/images/semantic_sequence/creative_activities_semantic/creative_activities_semantic_1.png"",""x"":307,""y"":469,""move_time"":5585},{""src"":""https://test12345.live/images/semantic_sequence/creative_activities_semantic/creative_activities_semantic_2.png"",""x"":489,""y"":469,""move_time"":3603},{""src"":""https://test12345.live/images/semantic_sequence/creative_activities_semantic/creative_activities_semantic_3.png"",""x"":670,""y"":469,""move_time"":1603},{""src"":""https://test12345.live/images/semantic_sequence/creative_activities_semantic/creative_activities_semantic_4.png"",""x"":851,""y"":469,""move_time"":1360},{""src"":""https://test12345.live/images/semantic_sequence/creative_activities_semantic/creative_activities_semantic_5.png"",""x"":1032,""y"":469,""move_time"":1856},{""src"":""https://test12345.live/images/semantic_sequence/creative_activities_semantic/creative_activities_semantic_6.png"",""x"":307,""y"":651,""move_time"":1761},{""src"":""https://test12345.live/images/semantic_sequence/creative_activities_semantic/creative_activities_semantic_7.png"",""x"":489,""y"":651,""move_time"":2106},{""src"":""https://test12345.live/images/semantic_sequence/creative_activities_semantic/creative_activities_semantic_8.png"",""x"":670,""y"":651,""move_time"":1426},{""src"":""https://test12345.live/images/semantic_sequence/creative_activities_semantic/creative_activities_semantic_9.png"",""x"":851,""y"":651,""move_time"":1294},{""src"":""https://test12345.live/images/semantic_sequence/creative_activities_semantic/creative_activities_semantic_ten.png"",""x"":1032,""y"":651,""move_time"":1648}]","[{""src"":""https://test12345.live/images/semantic_sequence/creative_activities_semantic/creative_activities_semantic_1.png"",""x"":307,""y"":469},{""src"":""https://test12345.live/images/semantic_sequence/creative_activities_semantic/creative_activities_semantic_6.png"",""x"":307,""y"":651},{""src"":""https://test12345.live/images/semantic_sequence/creative_activities_semantic/creative_activities_semantic_2.png"",""x"":489,""y"":469},{""src"":""https://test12345.live/images/semantic_sequence/creative_activities_semantic/creative_activities_semantic_7.png"",""x"":489,""y"":651},{""src"":""https://test12345.live/images/semantic_sequence/creative_activities_semantic/creative_activities_semantic_3.png"",""x"":670,""y"":469},{""src"":""https://test12345.live/images/semantic_sequence/creative_activities_semantic/creative_activities_semantic_8.png"",""x"":670,""y"":651},{""src"":""https://test12345.live/images/semantic_sequence/creative_activities_semantic/creative_activities_semantic_4.png"",""x"":851,""y"":469},{""src"":""https://test12345.live/images/semantic_sequence/creative_activities_semantic/creative_activities_semantic_9.png"",""x"":851,""y"":651},{""src"":""https://test12345.live/images/semantic_sequence/creative_activities_semantic/creative_activities_semantic_5.png"",""x"":1032,""y"":469},{""src"":""https://test12345.live/images/semantic_sequence/creative_activities_semantic/creative_activities_semantic_ten.png"",""x"":1032,""y"":651}]","10",""
"","order","8","305565","0.0-8.0","F91D4B22CBCF44D2AFEF7E1320B30F57","conditionB","","72757","[""schematic_sequence/hotel_scheme/hotel_scheme_ten"",""schematic_sequence/hotel_scheme/hotel_scheme_5"",""schematic_sequence/hotel_scheme/hotel_scheme_6"",""schematic_sequence/hotel_scheme/hotel_scheme_8"",""schematic_sequence/hotel_scheme/hotel_scheme_1"",""schematic_sequence/hotel_scheme/hotel_scheme_9"",""schematic_sequence/hotel_scheme/hotel_scheme_7"",""schematic_sequence/hotel_scheme/hotel_scheme_2"",""schematic_sequence/hotel_scheme/hotel_scheme_4"",""schematic_sequence/hotel_scheme/hotel_scheme_3""]","[{""src"":""https://test12345.live/images/schematic_sequence/hotel_scheme/hotel_scheme_1.png"",""x"":307,""y"":469,""move_time"":18202},{""src"":""https://test12345.live/images/schematic_sequence/hotel_scheme/hotel_scheme_2.png"",""x"":489,""y"":469,""move_time"":5460},{""src"":""https://test12345.live/images/schematic_sequence/hotel_scheme/hotel_scheme_3.png"",""x"":670,""y"":469,""move_time"":2199},{""src"":""https://test12345.live/images/schematic_sequence/hotel_scheme/hotel_scheme_9.png"",""x"":851,""y"":469,""move_time"":9571},{""src"":""https://test12345.live/images/schematic_sequence/hotel_scheme/hotel_scheme_8.png"",""x"":1032,""y"":469,""move_time"":2216},{""src"":""https://test12345.live/images/schematic_sequence/hotel_scheme/hotel_scheme_5.png"",""x"":307,""y"":469,""move_time"":7407},{""src"":""https://test12345.live/images/schematic_sequence/hotel_scheme/hotel_scheme_1.png"",""x"":489,""y"":469,""move_time"":1108},{""src"":""https://test12345.live/images/schematic_sequence/hotel_scheme/hotel_scheme_2.png"",""x"":670,""y"":469,""move_time"":991},{""src"":""https://test12345.live/images/schematic_sequence/hotel_scheme/hotel_scheme_3.png"",""x"":851,""y"":469,""move_time"":1056},{""src"":""https://test12345.live/images/schematic_sequence/hotel_scheme/hotel_scheme_9.png"",""x"":1032,""y"":469,""move_time"":1763},{""src"":""https://test12345.live/images/schematic_sequence/hotel_scheme/hotel_scheme_8.png"",""x"":307,""y"":651,""move_time"":4609},{""src"":""https://test12345.live/images/schematic_sequence/hotel_scheme/hotel_scheme_1.png"",""x"":307,""y"":469,""move_time"":3078},{""src"":""https://test12345.live/images/schematic_sequence/hotel_scheme/hotel_scheme_4.png"",""x"":1032,""y"":469,""move_time"":5393},{""src"":""https://test12345.live/images/schematic_sequence/hotel_scheme/hotel_scheme_9.png"",""x"":307,""y"":651,""move_time"":2307},{""src"":""https://test12345.live/images/schematic_sequence/hotel_scheme/hotel_scheme_8.png"",""x"":489,""y"":651,""move_time"":1415},{""src"":""https://test12345.live/images/schematic_sequence/hotel_scheme/hotel_scheme_6.png"",""x"":670,""y"":651,""move_time"":1630},{""src"":""https://test12345.live/images/schematic_sequence/hotel_scheme/hotel_scheme_7.png"",""x"":851,""y"":651,""move_time"":1518},{""src"":""https://test12345.live/images/schematic_sequence/hotel_scheme/hotel_scheme_ten.png"",""x"":1032,""y"":651,""move_time"":1857}]","[{""src"":""https://test12345.live/images/schematic_sequence/hotel_scheme/hotel_scheme_1.png"",""x"":307,""y"":469},{""src"":""https://test12345.live/images/schematic_sequence/hotel_scheme/hotel_scheme_9.png"",""x"":307,""y"":651},{""src"":""https://test12345.live/images/schematic_sequence/hotel_scheme/hotel_scheme_5.png"",""x"":489,""y"":469},{""src"":""https://test12345.live/images/schematic_sequence/hotel_scheme/hotel_scheme_8.png"",""x"":489,""y"":651},{""src"":""https://test12345.live/images/schematic_sequence/hotel_scheme/hotel_scheme_2.png"",""x"":670,""y"":469},{""src"":""https://test12345.live/images/schematic_sequence/hotel_scheme/hotel_scheme_6.png"",""x"":670,""y"":651},{""src"":""https://test12345.live/images/schematic_sequence/hotel_scheme/hotel_scheme_3.png"",""x"":851,""y"":469},{""src"":""https://test12345.live/images/schematic_sequence/hotel_scheme/hotel_scheme_7.png"",""x"":851,""y"":651},{""src"":""https://test12345.live/images/schematic_sequence/hotel_scheme/hotel_scheme_4.png"",""x"":1032,""y"":469},{""src"":""https://test12345.live/images/schematic_sequence/hotel_scheme/hotel_scheme_ten.png"",""x"":1032,""y"":651}]","18",""
"","order","9","352511","0.0-9.0","F91D4B22CBCF44D2AFEF7E1320B30F57","conditionB","","46945","[""schematic_sequence/dinner_party_scheme/dinner_party_scheme_ten"",""schematic_sequence/dinner_party_scheme/dinner_party_scheme_9"",""schematic_sequence/dinner_party_scheme/dinner_party_scheme_1"",""schematic_sequence/dinner_party_scheme/dinner_party_scheme_8"",""schematic_sequence/dinner_party_scheme/dinner_party_scheme_3"",""schematic_sequence/dinner_party_scheme/dinner_party_scheme_2"",""schematic_sequence/dinner_party_scheme/dinner_party_scheme_5"",""schematic_sequence/dinner_party_scheme/dinner_party_scheme_7"",""schematic_sequence/dinner_party_scheme/dinner_party_scheme_6"",""schematic_sequence/dinner_party_scheme/dinner_party_scheme_4""]","[{""src"":""https://test12345.live/images/schematic_sequence/dinner_party_scheme/dinner_party_scheme_1.png"",""x"":307,""y"":469,""move_time"":10012},{""src"":""https://test12345.live/images/schematic_sequence/dinner_party_scheme/dinner_party_scheme_5.png"",""x"":489,""y"":469,""move_time"":4889},{""src"":""https://test12345.live/images/schematic_sequence/dinner_party_scheme/dinner_party_scheme_2.png"",""x"":670,""y"":469,""move_time"":3623},{""src"":""https://test12345.live/images/schematic_sequence/dinner_party_scheme/dinner_party_scheme_2.png"",""x"":489,""y"":469,""move_time"":7552},{""src"":""https://test12345.live/images/schematic_sequence/dinner_party_scheme/dinner_party_scheme_3.png"",""x"":670,""y"":469,""move_time"":1353},{""src"":""https://test12345.live/images/schematic_sequence/dinner_party_scheme/dinner_party_scheme_5.png"",""x"":851,""y"":469,""move_time"":1552},{""src"":""https://test12345.live/images/schematic_sequence/dinner_party_scheme/dinner_party_scheme_4.png"",""x"":1032,""y"":469,""move_time"":5020},{""src"":""https://test12345.live/images/schematic_sequence/dinner_party_scheme/dinner_party_scheme_6.png"",""x"":307,""y"":651,""move_time"":5637},{""src"":""https://test12345.live/images/schematic_sequence/dinner_party_scheme/dinner_party_scheme_7.png"",""x"":489,""y"":651,""move_time"":1853},{""src"":""https://test12345.live/images/schematic_sequence/dinner_party_scheme/dinner_party_scheme_9.png"",""x"":670,""y"":651,""move_time"":1699},{""src"":""https://test12345.live/images/schematic_sequence/dinner_party_scheme/dinner_party_scheme_8.png"",""x"":851,""y"":651,""move_time"":1553},{""src"":""https://test12345.live/images/schematic_sequence/dinner_party_scheme/dinner_party_scheme_ten.png"",""x"":1032,""y"":651,""move_time"":1260}]","[{""src"":""https://test12345.live/images/schematic_sequence/dinner_party_scheme/dinner_party_scheme_1.png"",""x"":307,""y"":469},{""src"":""https://test12345.live/images/schematic_sequence/dinner_party_scheme/dinner_party_scheme_6.png"",""x"":307,""y"":651},{""src"":""https://test12345.live/images/schematic_sequence/dinner_party_scheme/dinner_party_scheme_2.png"",""x"":489,""y"":469},{""src"":""https://test12345.live/images/schematic_sequence/dinner_party_scheme/dinner_party_scheme_7.png"",""x"":489,""y"":651},{""src"":""https://test12345.live/images/schematic_sequence/dinner_party_scheme/dinner_party_scheme_3.png"",""x"":670,""y"":469},{""src"":""https://test12345.live/images/schematic_sequence/dinner_party_scheme/dinner_party_scheme_9.png"",""x"":670,""y"":651},{""src"":""https://test12345.live/images/schematic_sequence/dinner_party_scheme/dinner_party_scheme_5.png"",""x"":851,""y"":469},{""src"":""https://test12345.live/images/schematic_sequence/dinner_party_scheme/dinner_party_scheme_8.png"",""x"":851,""y"":651},{""src"":""https://test12345.live/images/schematic_sequence/dinner_party_scheme/dinner_party_scheme_4.png"",""x"":1032,""y"":469},{""src"":""https://test12345.live/images/schematic_sequence/dinner_party_scheme/dinner_party_scheme_ten.png"",""x"":1032,""y"":651}]","12",""
"","order","10","375430","0.0-10.0","F91D4B22CBCF44D2AFEF7E1320B30F57","conditionB","","22917","[""semantic_sequence/physical_activity_semantic/physical_activity_semantic_6"",""semantic_sequence/physical_activity_semantic/physical_activity_semantic_5"",""semantic_sequence/physical_activity_semantic/physical_activity_semantic_2"",""semantic_sequence/physical_activity_semantic/physical_activity_semantic_8"",""semantic_sequence/physical_activity_semantic/physical_activity_semantic_ten"",""semantic_sequence/physical_activity_semantic/physical_activity_semantic_9"",""semantic_sequence/physical_activity_semantic/physical_activity_semantic_4"",""semantic_sequence/physical_activity_semantic/physical_activity_semantic_1"",""semantic_sequence/physical_activity_semantic/physical_activity_semantic_7"",""semantic_sequence/physical_activity_semantic/physical_activity_semantic_3""]","[{""src"":""https://test12345.live/images/semantic_sequence/physical_activity_semantic/physical_activity_semantic_1.png"",""x"":307,""y"":469,""move_time"":6254},{""src"":""https://test12345.live/images/semantic_sequence/physical_activity_semantic/physical_activity_semantic_2.png"",""x"":489,""y"":469,""move_time"":1314},{""src"":""https://test12345.live/images/semantic_sequence/physical_activity_semantic/physical_activity_semantic_3.png"",""x"":670,""y"":469,""move_time"":2416},{""src"":""https://test12345.live/images/semantic_sequence/physical_activity_semantic/physical_activity_semantic_4.png"",""x"":851,""y"":469,""move_time"":1141},{""src"":""https://test12345.live/images/semantic_sequence/physical_activity_semantic/physical_activity_semantic_5.png"",""x"":1032,""y"":469,""move_time"":1341},{""src"":""https://test12345.live/images/semantic_sequence/physical_activity_semantic/physical_activity_semantic_6.png"",""x"":307,""y"":651,""move_time"":2651},{""src"":""https://test12345.live/images/semantic_sequence/physical_activity_semantic/physical_activity_semantic_7.png"",""x"":489,""y"":651,""move_time"":2539},{""src"":""https://test12345.live/images/semantic_sequence/physical_activity_semantic/physical_activity_semantic_8.png"",""x"":670,""y"":651,""move_time"":1557},{""src"":""https://test12345.live/images/semantic_sequence/physical_activity_semantic/physical_activity_semantic_9.png"",""x"":851,""y"":651,""move_time"":1352},{""src"":""https://test12345.live/images/semantic_sequence/physical_activity_semantic/physical_activity_semantic_ten.png"",""x"":1032,""y"":651,""move_time"":1351}]","[{""src"":""https://test12345.live/images/semantic_sequence/physical_activity_semantic/physical_activity_semantic_1.png"",""x"":307,""y"":469},{""src"":""https://test12345.live/images/semantic_sequence/physical_activity_semantic/physical_activity_semantic_6.png"",""x"":307,""y"":651},{""src"":""https://test12345.live/images/semantic_sequence/physical_activity_semantic/physical_activity_semantic_2.png"",""x"":489,""y"":469},{""src"":""https://test12345.live/images/semantic_sequence/physical_activity_semantic/physical_activity_semantic_7.png"",""x"":489,""y"":651},{""src"":""https://test12345.live/images/semantic_sequence/physical_activity_semantic/physical_activity_semantic_3.png"",""x"":670,""y"":469},{""src"":""https://test12345.live/images/semantic_sequence/physical_activity_semantic/physical_activity_semantic_8.png"",""x"":670,""y"":651},{""src"":""https://test12345.live/images/semantic_sequence/physical_activity_semantic/physical_activity_semantic_4.png"",""x"":851,""y"":469},{""src"":""https://test12345.live/images/semantic_sequence/physical_activity_semantic/physical_activity_semantic_9.png"",""x"":851,""y"":651},{""src"":""https://test12345.live/images/semantic_sequence/physical_activity_semantic/physical_activity_semantic_5.png"",""x"":1032,""y"":469},{""src"":""https://test12345.live/images/semantic_sequence/physical_activity_semantic/physical_activity_semantic_ten.png"",""x"":1032,""y"":651}]","10",""
"","order","11","434624","0.0-11.0","F91D4B22CBCF44D2AFEF7E1320B30F57","conditionB","","59192","[""causal_sequence/saving_a_cat_causal/saving_a_cat_causal_5"",""causal_sequence/saving_a_cat_causal/saving_a_cat_causal_1"",""causal_sequence/saving_a_cat_causal/saving_a_cat_causal_8"",""causal_sequence/saving_a_cat_causal/saving_a_cat_causal_9"",""causal_sequence/saving_a_cat_causal/saving_a_cat_causal_6"",""causal_sequence/saving_a_cat_causal/saving_a_cat_causal_ten"",""causal_sequence/saving_a_cat_causal/saving_a_cat_causal_3"",""causal_sequence/saving_a_cat_causal/saving_a_cat_causal_4"",""causal_sequence/saving_a_cat_causal/saving_a_cat_causal_2"",""causal_sequence/saving_a_cat_causal/saving_a_cat_causal_7""]","[{""src"":""https://test12345.live/images/causal_sequence/saving_a_cat_causal/saving_a_cat_causal_2.png"",""x"":307,""y"":469,""move_time"":13532},{""src"":""https://test12345.live/images/causal_sequence/saving_a_cat_causal/saving_a_cat_causal_3.png"",""x"":489,""y"":469,""move_time"":1339},{""src"":""https://test12345.live/images/causal_sequence/saving_a_cat_causal/saving_a_cat_causal_4.png"",""x"":670,""y"":469,""move_time"":10724},{""src"":""https://test12345.live/images/causal_sequence/saving_a_cat_causal/saving_a_cat_causal_5.png"",""x"":851,""y"":469,""move_time"":3352},{""src"":""https://test12345.live/images/causal_sequence/saving_a_cat_causal/saving_a_cat_causal_6.png"",""x"":1032,""y"":469,""move_time"":6094},{""src"":""https://test12345.live/images/causal_sequence/saving_a_cat_causal/saving_a_cat_causal_7.png"",""x"":307,""y"":651,""move_time"":1264},{""src"":""https://test12345.live/images/causal_sequence/saving_a_cat_causal/saving_a_cat_causal_8.png"",""x"":489,""y"":651,""move_time"":1783},{""src"":""https://test12345.live/images/causal_sequence/saving_a_cat_causal/saving_a_cat_causal_1.png"",""x"":307,""y"":469,""move_time"":8274},{""src"":""https://test12345.live/images/causal_sequence/saving_a_cat_causal/saving_a_cat_causal_2.png"",""x"":489,""y"":469,""move_time"":1128},{""src"":""https://test12345.live/images/causal_sequence/saving_a_cat_causal/saving_a_cat_causal_3.png"",""x"":670,""y"":469,""move_time"":1135},{""src"":""https://test12345.live/images/causal_sequence/saving_a_cat_causal/saving_a_cat_causal_4.png"",""x"":851,""y"":469,""move_time"":1122},{""src"":""https://test12345.live/images/causal_sequence/saving_a_cat_causal/saving_a_cat_causal_5.png"",""x"":1032,""y"":469,""move_time"":1219},{""src"":""https://test12345.live/images/causal_sequence/saving_a_cat_causal/saving_a_cat_causal_6.png"",""x"":307,""y"":651,""move_time"":1615},{""src"":""https://test12345.live/images/causal_sequence/saving_a_cat_causal/saving_a_cat_causal_7.png"",""x"":489,""y"":651,""move_time"":1162},{""src"":""https://test12345.live/images/causal_sequence/saving_a_cat_causal/saving_a_cat_causal_8.png"",""x"":670,""y"":651,""move_time"":1616},{""src"":""https://test12345.live/images/causal_sequence/saving_a_cat_causal/saving_a_cat_causal_9.png"",""x"":851,""y"":651,""move_time"":1216},{""src"":""https://test12345.live/images/causal_sequence/saving_a_cat_causal/saving_a_cat_causal_ten.png"",""x"":1032,""y"":651,""move_time"":1470}]","[{""src"":""https://test12345.live/images/causal_sequence/saving_a_cat_causal/saving_a_cat_causal_1.png"",""x"":307,""y"":469},{""src"":""https://test12345.live/images/causal_sequence/saving_a_cat_causal/saving_a_cat_causal_6.png"",""x"":307,""y"":651},{""src"":""https://test12345.live/images/causal_sequence/saving_a_cat_causal/saving_a_cat_causal_2.png"",""x"":489,""y"":469},{""src"":""https://test12345.live/images/causal_sequence/saving_a_cat_causal/saving_a_cat_causal_7.png"",""x"":489,""y"":651},{""src"":""https://test12345.live/images/causal_sequence/saving_a_cat_causal/saving_a_cat_causal_3.png"",""x"":670,""y"":469},{""src"":""https://test12345.live/images/causal_sequence/saving_a_cat_causal/saving_a_cat_causal_8.png"",""x"":670,""y"":651},{""src"":""https://test12345.live/images/causal_sequence/saving_a_cat_causal/saving_a_cat_causal_4.png"",""x"":851,""y"":469},{""src"":""https://test12345.live/images/causal_sequence/saving_a_cat_causal/saving_a_cat_causal_9.png"",""x"":851,""y"":651},{""src"":""https://test12345.live/images/causal_sequence/saving_a_cat_causal/saving_a_cat_causal_5.png"",""x"":1032,""y"":469},{""src"":""https://test12345.live/images/causal_sequence/saving_a_cat_causal/saving_a_cat_causal_ten.png"",""x"":1032,""y"":651}]","17",""
"","order","12","490583","0.0-12.0","F91D4B22CBCF44D2AFEF7E1320B30F57","conditionB","","55956","[""causal_sequence/the_performance_causal/the_performance_causal_1"",""causal_sequence/the_performance_causal/the_performance_causal_7"",""causal_sequence/the_performance_causal/the_performance_causal_6"",""causal_sequence/the_performance_causal/the_performance_causal_9"",""causal_sequence/the_performance_causal/the_performance_causal_ten"",""causal_sequence/the_performance_causal/the_performance_causal_2"",""causal_sequence/the_performance_causal/the_performance_causal_8"",""causal_sequence/the_performance_causal/the_performance_causal_4"",""causal_sequence/the_performance_causal/the_performance_causal_3"",""causal_sequence/the_performance_causal/the_performance_causal_5""]","[{""src"":""https://test12345.live/images/causal_sequence/the_performance_causal/the_performance_causal_2.png"",""x"":307,""y"":469,""move_time"":17479},{""src"":""https://test12345.live/images/causal_sequence/the_performance_causal/the_performance_causal_3.png"",""x"":489,""y"":469,""move_time"":1635},{""src"":""https://test12345.live/images/causal_sequence/the_performance_causal/the_performance_causal_6.png"",""x"":670,""y"":469,""move_time"":1448},{""src"":""https://test12345.live/images/causal_sequence/the_performance_causal/the_performance_causal_5.png"",""x"":670,""y"":469,""move_time"":5341},{""src"":""https://test12345.live/images/causal_sequence/the_performance_causal/the_performance_causal_6.png"",""x"":851,""y"":469,""move_time"":2073},{""src"":""https://test12345.live/images/causal_sequence/the_performance_causal/the_performance_causal_4.png"",""x"":670,""y"":469,""move_time"":9513},{""src"":""https://test12345.live/images/causal_sequence/the_performance_causal/the_performance_causal_5.png"",""x"":851,""y"":469,""move_time"":1040},{""src"":""https://test12345.live/images/causal_sequence/the_performance_causal/the_performance_causal_6.png"",""x"":1032,""y"":469,""move_time"":1300},{""src"":""https://test12345.live/images/causal_sequence/the_performance_causal/the_performance_causal_7.png"",""x"":307,""y"":651,""move_time"":7316},{""src"":""https://test12345.live/images/causal_sequence/the_performance_causal/the_performance_causal_8.png"",""x"":489,""y"":651,""move_time"":3376},{""src"":""https://test12345.live/images/causal_sequence/the_performance_causal/the_performance_causal_1.png"",""x"":670,""y"":651,""move_time"":1877},{""src"":""https://test12345.live/images/causal_sequence/the_performance_causal/the_performance_causal_ten.png"",""x"":851,""y"":651,""move_time"":1329},{""src"":""https://test12345.live/images/causal_sequence/the_performance_causal/the_performance_causal_9.png"",""x"":1032,""y"":651,""move_time"":1160}]","[{""src"":""https://test12345.live/images/causal_sequence/the_performance_causal/the_performance_causal_2.png"",""x"":307,""y"":469},{""src"":""https://test12345.live/images/causal_sequence/the_performance_causal/the_performance_causal_7.png"",""x"":307,""y"":651},{""src"":""https://test12345.live/images/causal_sequence/the_performance_causal/the_performance_causal_3.png"",""x"":489,""y"":469},{""src"":""https://test12345.live/images/causal_sequence/the_performance_causal/the_performance_causal_8.png"",""x"":489,""y"":651},{""src"":""https://test12345.live/images/causal_sequence/the_performance_causal/the_performance_causal_4.png"",""x"":670,""y"":469},{""src"":""https://test12345.live/images/causal_sequence/the_performance_causal/the_performance_causal_1.png"",""x"":670,""y"":651},{""src"":""https://test12345.live/images/causal_sequence/the_performance_causal/the_performance_causal_5.png"",""x"":851,""y"":469},{""src"":""https://test12345.live/images/causal_sequence/the_performance_causal/the_performance_causal_ten.png"",""x"":851,""y"":651},{""src"":""https://test12345.live/images/causal_sequence/the_performance_causal/the_performance_causal_6.png"",""x"":1032,""y"":469},{""src"":""https://test12345.live/images/causal_sequence/the_performance_causal/the_performance_causal_9.png"",""x"":1032,""y"":651}]","13",""
"","survey-text","13","494294","0.0-13.0","F91D4B22CBCF44D2AFEF7E1320B30F57","conditionB","","3653","","","","","{""Q0"":""24""}"
"","survey-text","14","499855","0.0-14.0","F91D4B22CBCF44D2AFEF7E1320B30F57","conditionB","","5551","","","","","{""Q0"":""FEMALE""}"
"","instructions","15","505252","0.0-15.0","F91D4B22CBCF44D2AFEF7E1320B30F57","conditionB","[{""page_index"":0,""viewing_time"":5396}]","5396","","","","",""
